,Country,Sex ratio (males per 100 females),Population aged 0 to 14 years old (percentage),Population aged 60+ years old (percentage),Population density,Surface area (thousand km2),GDP in current prices (millions of US dollars),GDP per capita (US dollars),GDP in constant 2010 prices (millions of US dollars),GDP real rates of growth (percent),Gross enrollment ratio - Primary (male),Gross enrollment ratio - Primary (female),Gross enrollment ratio - Secondary (male),Gross enrollment ratio - Secondary (female),Gross enrollment ratio - Tertiary (male),Gross enrollment ratio - Tertiary (female),Health personnel: Physicians (per 1000 population),Health personnel: Pharmacists (per 1000 population),Health personnel: Nurses and midwives personnel (per 1000 population),Health personnel: Dentists (per 1000 population),Gross domestic expenditure on R & D: as a percentage of GDP (%),Gross domestic expenditure on R & D: Business enterprises (%),Gross domestic expenditure on R & D: Government (%),Gross domestic expenditure on R & D: Higher education (%),Gross domestic expenditure on R & D: Funds from abroad (%),Gross domestic expenditure on R & D: Not distributed (%),Gross domestic expenditure on R & D: Private non-profit (%),"Safely managed drinking water sources, urban (Proportion of population with access)","Safely managed drinking water sources, rural (Proportion of population with access)","Safely managed drinking water sources, total (Proportion of population with access)","Safely managed sanitation facilities, urban (Proportion of population with access)","Safely managed sanitation facilities, rural (Proportion of population with access)","Safely managed sanitation facilities, total (Proportion of population with access)",Percentage of individuals using the internet,Total deaths/days since start
31,Afghanistan,105.7122,43.6825,4.0661,55.5956,652.864,16077.921,550.8872,15860.828,3.2361,123.106,71.8121,27.5933,9.0069,,,0.2,0.0,,,,,,,,,,,,,,,,4.0,0.25234206807408616
32,Albania,103.8886,18.0283,19.0889,105.2616,28.748,11926.9483,4045.7447,10420.2693,3.7069,100.4183,100.9562,79.2454,76.5058,18.841,27.3505,1.2,0.4,4.0,,,,,,,,,,,61.9777,39.9811,37.1777,38.64,45.0,1.2355237217033124
33,Algeria,102.0717,29.6396,9.305,17.3777,2381.741,161207.305,4480.7868,140977.0162,3.6,111.6804,103.3146,75.4584,82.6705,18.3611,23.4771,,,,,,,,,,,,,,,17.0116,20.2706,18.0695,12.5,0.13410252483014476
35,Andorra,,,,163.7553,0.46799999999999997,3355.4939,39733.968,2895.6219,-5.3588,,,,,,,,,,,,,,,,,,,,90.64,86.4503,86.4503,86.4503,81.0,2.3531591624976844
36,Angola,97.8886,46.953,3.5797,23.9166,1246.7,83799.4789,3587.883,93159.2631,4.8592,,,,,,,,,,,,,,,,,,,,,,,,2.8,0.0613681952562834
38,Antigua and Barbuda,93.0156,22.2319,12.7712,216.8773,0.442,1148.7,13049.2571,1231.2616,-7.8406,,,,,,,,,,,,,,,,,,,,,,,,47.0,0.6455877153880442
39,Argentina,95.1258,24.9268,15.1301,16.0548,2780.4,426487.4349,10428.6488,599349.3701,10.1254,115.8331,114.7471,88.8204,96.801,52.5903,75.4685,,,,,0.6226,19.1509,74.7918,1.9938,3.5291,,0.5345,,,,,,,45.0,3.4290340583006844
40,Armenia,88.8379,20.4544,16.7716,103.4349,29.743000000000002,9875.3778,3432.1456,8517.365,2.2151,94.6153,96.345,,,32.8492,45.9512,2.8,0.0,5.2,0.4,0.25,,73.8182,,2.2752,23.9066,,,,61.7069,45.4793,,48.1352,25.0,2.3019673342963074
42,Australia,99.2113,19.065,20.8116,3.2002,7692.06,1299463.076,58654.1144,1085035.921,2.4627,101.9609,103.5759,,,,,3.3,0.9,10.4,0.5,1.9194,,,,,,,98.65,,,,,69.4869,76.0,0.054921562904676174
43,Austria,96.447,14.2309,24.7457,107.0259,83.87100000000001,391892.7465,46598.7067,362278.2825,1.8371,100.9076,100.7537,102.7777,97.8061,,,4.8,0.7,6.7,0.6,3.0498,49.7395,32.5904,0.6023,16.5507,,0.5171,,,98.543,99.9753,92.3014,96.7062,75.17,1.736197930448183
44,Azerbaijan,99.3816,23.2877,10.0693,119.1091,86.6,52905.9989,5857.3183,47988.7579,4.7888,98.1721,92.7838,,,,,3.7,0.2,7.4,0.3,0.2223,32.1754,65.7568,0.4136,,,1.6543,,,68.7006,84.7537,,,46.0,0.7885063981768416
45,Bahamas,94.4079,22.8741,10.8991,38.1374,13.94,10095.8,28443.5204,11521.3404,1.5384,101.9396,98.8475,88.8174,88.0972,,,,,,,,,,,,,,,,,,,,43.0,1.0129340568062912
46,Bahrain,169.5785,19.8415,4.6051,1965.8895,0.7709999999999999,25713.2713,20722.1373,26003.0008,4.3368,94.1298,97.5083,91.4696,101.4538,13.0099,39.8646,0.9,0.2,2.5,0.1,,,,,,,,,,98.9822,,,95.9896,55.0,1.2360293861634344
47,Bangladesh,102.6044,28.2246,7.4013,1226.7452,147.57,114507.7977,775.9273,143126.6022,5.5718,99.4306,103.9545,45.5096,48.477,8.4177,4.398,0.4,0.1,0.2,0.0,,,,,,,,44.5941,60.6344,55.7482,,24.1198,,3.7,0.1778320977439256
48,Barbados,93.3901,17.6402,21.3624,665.6558,0.431,4529.9283,16056.1169,4712.5849,-2.3162,96.3096,95.9429,109.1129,107.9563,,,,,,,,,,,,,,,,,,,,65.1,0.24595203935232632
49,Belarus,87.0642,16.7079,21.3287,46.5735,207.6,57231.9059,6075.2037,53218.7952,7.75,100.0308,96.7394,,,57.2247,78.3719,3.3,0.3,10.6,0.5,0.5,41.3073,45.9734,,12.7194,,,,,90.0546,85.8085,84.7266,85.5344,31.8,0.5314850750930475
50,Belgium,97.2751,17.0365,24.6264,377.1383,30.528000000000002,480951.6295,43967.7398,433266.475,2.8643,100.6821,100.233,151.099,169.0976,54.5378,67.916,2.9,1.2,10.1,0.7,2.4612,58.5967,22.5056,1.9885,16.5475,,0.3618,,,99.5232,,,90.2725,75.0,3.120975930170843
51,Belize,99.3723,30.9036,6.9745,16.4739,22.965999999999998,1377.1791,4270.7996,1529.4069,3.0035,115.7286,110.7629,75.2545,77.7002,12.4504,19.6482,,,,0.0,,,,,,,,,,,,,,28.2,1.2687222552343669
52,Benin,99.5251,42.6686,4.9885,99.10600000000001,114.76299999999999,6970.2547,757.6974,6470.1964,2.1141,112.4288,88.9544,,,,,0.1,0.0,0.5,,,,,,,,,,,,,,,3.13,0.017107310481377334
55,Bolivia (Plurin. State of),100.9357,31.5346,9.841000000000001,10.3322,1098.5810000000001,19649.7862,1955.477,25266.5579,4.1266,114.7443,114.8849,89.0138,84.9408,,,0.4,0.1,0.8,0.1,,,,,,,,,,,20.2491,,18.0905,22.4,2.2915360747916704
56,Bosnia and Herzegovina,96.0808,14.7957,23.01,65.7162,51.208999999999996,17176.3208,4635.3935,15171.623,0.868,,,,,,,1.8,0.1,5.5,0.2,0.2186,31.3917,37.6034,,16.9013,,0.032,,,88.5367,8.5932,,19.9123,42.75,4.306372655090512
57,Botswana,92.9864,34.4388,6.5272,3.8909,582.0,12786.6123,6434.7945,11419.8663,8.5636,111.8563,110.4301,82.4303,84.8016,10.6805,9.1928,0.4,,2.9,0.0,,,,,,,,83.7359,,,,,,6.0,1.2139531410043312
58,Brazil,96.8091,21.6838,12.7425,24.866,8515.767,2208838.109,11286.0717,1703150.041,7.5282,137.2152,129.1646,96.5187,106.2145,22.7626,29.2681,1.8,0.5,1.5,1.1,1.3426,45.546,52.2369,2.2171,,,,91.8432,,,36.5074,,34.846,40.65,3.82609136486746
60,Brunei Darussalam,108.3312,23.496,7.9291,80.5452,5.765,13707.1163,35268.8984,12994.5543,2.5991,112.7498,108.4104,97.306,95.8458,9.7389,19.3951,1.4,0.1,7.5,0.2,,,,,,,,,,,,,,53.0,0.01153934918070621
61,Bulgaria,94.5606,14.4447,27.599,65.4241,111.00200000000001,50363.5574,6782.9634,46369.9094,0.5698,103.8853,102.8019,91.0423,87.3167,42.0935,48.8634,3.8,,4.7,0.9,0.9602,35.5818,20.3493,0.0838,43.8444,,0.1406,,,96.831,58.8408,,51.1676,46.23,3.8742669195496418
62,Burkina Faso,99.4851,45.1815,3.8616,70.1507,272.967,10099.8023,647.2068,9081.9151,8.4462,64.6491,51.8041,16.7062,11.8204,3.1694,1.4304,0.0,0.0,0.6,0.0,,,,,,,,,,,,,,2.4,0.013413477671877446
64,Cabo Verde,100.6544,29.1832,7.0361,133.3742,4.033,1664.3106,3378.2546,1482.614,1.4668,116.694,111.7254,66.8304,75.2758,7.3772,7.8808,0.6,0.0,1.1,0.0,,,,,,,,,,,,,,30.0,0.8370028316836828
65,Cambodia,95.2837,31.2724,7.0525,90.6946,181.035,11242.2788,785.5025,12759.5233,5.9629,135.6161,126.0035,,,4.6628,2.1241,0.2,0.0,0.9,0.0,0.1182,19.4424,23.4988,,34.9339,,22.0636,51.1692,14.2608,21.751,,,,1.26,0.5013759176255764
66,Cameroon,99.9424,42.8673,4.3007,51.9686,475.65,26143.7528,1285.2585,24076.8463,3.4228,112.5032,94.2691,30.2435,23.8464,7.0577,4.6362,0.1,0.0,0.5,0.0,,,,,,,,,,,,,,4.3,0.08147926383406259
67,Canada,98.4026,15.87,23.2775,4.0394,9984.67,1617265.764,47361.0874,1398718.796,3.0895,97.7712,96.9387,102.4871,100.2344,,,,,,,1.6972,43.9545,31.6411,10.0169,9.7647,,3.9907,,,98.5269,81.9764,81.5101,81.8875,80.3,1.0397562034623797
69,Central African Republic,98.2628,44.6462,4.4704,7.3775,622.984,2033.8139,463.6247,2319.0852,3.5643,75.1138,52.6202,,,,,,,,,,,,,,,,,,,,,,2.0,0.03623236629887117
70,Chad,99.6443,47.4006,3.9439,11.9256,1284.0,10970.6281,917.8801,9709.1199,15.0,85.3118,57.7772,23.1702,8.0297,2.6613,0.1715,,,,,,,,,,,,,,,,,,1.7,0.01759872836039121
72,Chile,97.0562,20.0242,16.1159,24.8415,756.102,218537.5655,12808.0354,201493.8499,5.8442,106.8901,102.1463,92.9039,94.1103,50.4398,48.265,1.4,0.3,1.3,,0.3807,32.7729,42.5962,11.1207,12.8785,,0.6317,98.6473,,96.554,66.6675,,63.2003,45.0,2.7067595748568265
73,China,105.4808,17.9374,15.9633,151.3624,9600.0,6087192.374,4447.0669,7541001.457,10.3919,,,,,20.0283,18.0885,1.5,0.3,1.5,,2.0656,74.726,21.2648,,0.7422,,,92.7454,,,58.3206,37.1313,47.562,34.3,0.005123125995542108
76,Colombia,96.2693,23.5569,12.0886,44.0828,1141.748,286103.6432,6326.5493,233340.6508,4.3476,122.5995,120.4072,78.6698,87.2285,29.5094,31.905,1.6,,0.9,1.0,0.2898,44.6514,9.6361,28.6153,0.4361,,16.661,81.3321,37.1103,71.5874,14.8949,,15.5904,36.5,3.4851093117580207
77,Comoros,101.7736,39.7725,4.8678,437.3412,2.235,907.094,1315.216,760.4988,4.8011,,,,,,,,,,,,,,,,,,,,,,,,5.1,0.29728013282951055
78,Congo,99.6847,41.9442,4.2914,14.9654,342.0,13678.0119,3200.485,10773.9944,14.965,112.419,104.5804,,,,,0.1,,0.4,,,,,,,,,55.4366,12.4224,39.6314,,,,5.0,0.05160296804855562
80,Costa Rica,100.0208,21.5774,13.4657,96.9439,51.1,37268.6352,8141.9178,45675.8157,4.9519,113.2729,110.3871,79.8962,83.3605,,,2.3,,1.9,,0.4499,4.7107,57.4287,,3.6923,31.2349,2.9335,96.1414,80.4348,91.7021,,,,36.5,1.725511902201248
82,Croatia,92.7411,14.437999999999999,27.1453,74.7473,56.593999999999994,59807.8448,13818.2913,49938.1908,-1.4963,103.3731,103.3175,91.6521,94.76,40.5281,49.1693,2.8,0.7,5.8,0.7,0.8403,46.6422,36.3573,2.0335,14.4753,,0.4917,,,92.6169,64.1555,,58.1911,56.55,2.9326719913929793
83,Cuba,98.7147,16.4063,19.9892,106.5319,109.884,64328.0,5730.3548,75942.5389,2.3904,102.558,99.577,92.2962,93.8511,46.4015,78.485,6.8,,9.2,1.1,0.4285,40.0107,55.008,,4.9813,,,,,,36.2324,,38.4072,15.9,0.2465395371382048
85,Cyprus,100.2405,16.8366,18.4824,127.6708,9.251,25707.0787,30993.0709,21513.8319,2.0151,100.9213,100.7913,95.6543,97.4789,31.2016,35.3307,2.2,0.2,3.5,0.7,0.4806,20.0455,50.5605,5.7735,22.9874,,0.6332,,,98.5485,86.3254,,75.8737,52.99,0.46638262237620903
86,Czechia,96.7276,15.3854,25.5217,137.7658,78.8678,207477.8579,19691.3115,171903.9041,2.2734,99.9047,98.4871,94.8168,96.5693,44.8275,52.03,3.5,0.6,8.5,0.7,1.9292,34.5256,32.2145,0.7081,32.4992,,0.0526,,,97.3921,92.3755,80.8212,89.2853,68.82,4.173654268802532
88,Dem. Rep. of the Congo,99.566,46.2835,4.6537,35.9051,2344.8579999999997,21565.7465,334.022,26093.5148,7.1079,,,,,,,,,,,0.4064,0.0425,34.5116,,1.4473,,0.2462,,,,,,,0.72,0.023011050242109827
89,Denmark,98.932,16.4917,25.2828,135.0996,42.92100000000001,321995.3503,57966.5874,283894.1832,1.871,98.7853,98.6751,121.8641,126.4686,67.6549,93.3914,3.7,0.5,10.1,0.8,3.055,59.1095,30.1977,,6.2707,,4.4221,,,96.0131,,,93.0398,88.72,0.6383106100854079
90,Djibouti,111.3485,29.982,6.79,40.729,23.2,1243.6517,1480.1888,1465.9738,11.7416,47.9615,39.196,27.5531,18.2435,2.6726,1.9239,,,,,,,,,,,,,,,35.5542,14.9688,30.8193,6.5,0.25270310808519514
92,Dominican Republic,100.0616,28.2506,10.1888,217.5725,48.67100000000001,53159.5696,5483.126,53753.735,8.3397,111.1122,105.5479,64.8911,77.5294,,,,,,,,,,,,,,,,,,,,31.4,0.5280958685251045
93,Ecuador,100.1517,28.3616,10.2459,67.5848,257.217,69555.367,4633.5904,79915.2303,3.5253,109.8545,109.895,61.5709,62.4632,,,2.1,,1.7,,,,,,,,,82.0424,54.4425,71.7449,36.2783,51.4812,41.9505,29.03,1.93301621947769
94,Egypt,102.1568,33.7755,7.8905,96.8834,1002.0,214630.372,2593.3684,278268.1859,5.1472,98.2245,93.053,,,32.6512,27.4667,,,,,0.7186,6.1993,93.7422,,,,0.0585,,,,67.0048,,57.1312,21.6,0.25190368049730866
95,El Salvador,88.4228,27.4456,11.4037,308.3072,21.0408,18447.9224,2983.2302,21277.2807,1.3654,120.2156,116.119,67.7245,67.7799,21.6392,24.1602,,,,,0.1435,41.909,29.0128,21.1924,6.7975,,1.0853,76.1487,,,,,,15.9,0.6111655025218219
96,Equatorial Guinea,124.5989,37.285,4.0158,44.9912,28.0515,16298.5353,17272.0026,13048.408,-8.9242,91.502,88.4918,29.9447,22.0817,,,,,,,,,,,,,,,,,,,,6.0,0.1439808961932856
97,Eritrea,100.4412,41.9532,6.484,33.791,117.6,2117.0395,667.7442,3458.1922,2.1942,123.9547,100.7539,50.3627,30.23,,,,,,,,,,,,,,,,,,,,0.61,0.05142315998201631
98,Estonia,88.6952,16.2219,25.8842,31.125,45.227,19696.7681,14786.2423,19572.4381,2.7069,100.1597,97.5818,101.0339,104.6716,50.9444,85.7975,3.2,0.6,6.4,0.9,1.466,41.0079,46.3609,0.2147,12.1756,,0.2411,,,95.3757,97.4117,93.8615,96.279,74.1,1.4098578477860662
99,Eswatini,94.7618,38.3444,5.7431,65.3956,17.363,4438.7399,4168.4689,3525.0643,3.7933,115.9955,107.5413,53.8801,51.8267,5.1252,4.9286,,,,,0.2701,22.3326,41.7011,,33.456,,2.5104,83.0334,,,,,,11.04,1.0452051215050955
100,Ethiopia,100.0555,41.2508,5.2356,106.3999,1104.3,26311.2972,300.2203,38120.0467,12.5505,86.0648,71.9123,31.2986,18.829,4.2681,1.3636,,,,,,,,,,,,37.0339,1.7417,7.854,,2.7893,,0.75,0.07617196578797562
103,Fiji,102.9701,29.6513,8.6967,48.0273,18.272000000000002,3140.5275,3652.5491,3883.5647,3.0,,,,,14.7469,17.6047,,,,,,,,,,,,,,,,,,20.0,0.9251422734568802
104,Finland,97.084,16.2512,27.8454,18.1361,338.44,249181.1905,46438.9329,233659.0341,3.1857,98.7891,98.0327,109.3475,114.3419,83.2615,100.4912,3.3,1.1,14.3,0.8,2.8916,54.7645,28.8853,0.3014,14.5217,,1.527,,,98.4038,99.1195,,99.12,86.89,0.2600892133723451
105,France,93.917,18.1098,25.7358,118.4215,551.5,2642609.549,40685.2612,2316635.691,1.9494,105.1338,104.1135,106.5808,106.9919,47.8666,59.9969,3.4,1.2,9.0,,2.267,54.039,34.8105,2.5973,7.6237,,0.9294,,,97.3401,,,88.8475,77.28,2.4490692089345245
108,Gabon,103.836,36.8221,5.3608,8.0134,267.668,14358.631,8840.7594,11138.7871,7.0882,,,,,,,,,,,,,,,,,,,,,,,,13.0,0.11856594489647711
109,Gambia,98.413,44.3758,3.9866,218.7637,11.295,1543.2949,860.6393,1350.5956,5.9083,78.3713,80.9452,,,,,,,,,,,,,,,,59.1804,,,,,,9.2,0.15469898759927306
110,Georgia,91.3288,19.5291,20.6682,57.6877,69.7,12243.2021,2986.8032,11739.3801,6.2494,98.8599,102.9209,92.6794,96.2598,49.3984,53.4897,4.4,0.1,3.9,0.3,0.3198,,,,,,,,,78.5292,10.7008,,24.6348,26.9,2.198924672617913
111,Germany,97.1781,13.4507,27.9017,237.1426,357.376,3396354.076,42020.0427,3082968.548,4.179,103.3078,102.895,103.5841,100.9135,,,3.8,0.6,11.9,0.8,2.912,65.585,27.9035,,6.1527,,0.3588,,,99.8,98.1588,91.138,96.5417,82.0,1.5855861135473568
112,Ghana,102.7016,37.82,4.9287,127.9839,238.537,42587.4188,1718.647,34971.3451,7.8998,88.2945,84.7245,43.4808,36.434,7.5037,4.1754,0.1,,1.1,,,,,,,,,44.2845,5.9407,25.386,,,,7.8,0.046659968163944104
114,Greece,96.4151,14.2048,27.3759,81.9973,131.957,299361.5766,27495.5508,240488.2693,-5.4786,98.8717,96.7571,103.1407,98.3895,80.8205,90.103,3.9,1.0,3.8,1.3,0.9612,31.4,53.0561,2.4633,12.6621,,0.4185,,,99.8153,90.8399,,83.9658,44.4,1.7734198733449429
116,Grenada,101.6514,23.3644,14.005999999999998,326.1,0.345,771.0148,7257.7713,855.954,-0.4665,104.712,101.6785,108.4417,111.4989,,,,,,,,,,,,,,,,87.1172,,,,27.0,0.03078817733990149
119,Guatemala,96.9458,35.0509,6.8781,157.8478,108.889,41338.1588,2825.4942,52848.6126,2.8694,113.292,106.3013,43.2019,39.7856,,,,,,,0.0299,,27.7861,28.1796,44.0178,0.0165,,61.5919,43.3764,52.1932,,,,10.5,0.9213564849309015
120,Guinea,92.5869,44.2484,4.702,49.1109,245.857,6853.4678,672.4244,7025.6526,4.8134,86.6281,69.4309,38.9553,19.1452,5.1727,1.111,,,,,,,,,,,,,,,,,,1.0,0.02664273836912273
121,Guinea-Bissau,95.2561,42.4861,4.5813,65.0123,36.125,849.0501,557.6321,891.1004,4.6108,,,,,,,,,,,,,,,,,,,,,,,,2.45,0.061324688868642396
122,Guyana,100.5531,28.5753,9.5851,3.9381,214.96900000000002,2259.2903,3014.6541,2552.9032,4.1384,101.1069,100.6475,88.1405,90.297,7.7233,16.4124,0.7,,1.0,,,,,,,,,,,,,,,29.9,0.9562205055757613
123,Haiti,97.4506,33.6244,7.3229999999999995,398.4893,27.75,6707.7782,674.1945,7095.1497,-5.5005,,,,,,,,,,,,,,,,,,,,,,,,8.37,0.07299436719401027
125,Honduras,99.7705,32.3451,6.8193,84.2704,112.492,15839.3446,1904.3465,17639.2291,3.7311,101.7894,101.7076,,,,,0.3,,0.9,,0.015,,82.4808,,,,,,17.3627,,34.0114,,,11.09,1.1508210787922672
126,Hungary,90.6684,14.3723,25.9555,107.4762,93.024,131135.5612,13209.4967,112513.7598,0.6643,99.1519,97.1281,96.7463,95.7625,52.9949,77.4841,2.9,0.6,6.4,0.5,1.3625,49.7169,34.6241,,14.9512,,0.7079,,,70.0267,94.9743,98.2175,95.9826,65.0,4.557717435792556
127,Iceland,100.6763,19.9897,20.0749,3.3356,103.0,13683.6897,42717.7446,15131.9033,-3.4359,98.0117,95.662,110.4616,112.0669,48.1197,92.4941,3.6,0.5,15.2,0.9,2.2032,35.7703,30.8003,3.9985,25.3598,,4.0699,,,95.8089,,,65.8657,93.39,0.12464165524118162
128,India,108.2583,27.4787,9.3995,450.2493,3287.263,1669619.772,1352.7062,1567417.975,8.4976,,,58.4265,49.0158,12.3362,8.8522,0.7,0.5,0.9,,0.6931,,,,,,,,40.0173,,,22.607,,7.5,0.4967415092814441
129,Indonesia,101.4421,26.9149,9.047,146.0893,1910.931,755094.1576,3122.3628,657835.4338,6.2239,109.6047,106.2415,60.4604,59.8385,,,0.1,,1.1,0.0,,,,,,,,,,,,,,10.92,0.41254838361985646
130,Iran (Islamic Republic of),102.419,24.2478,9.4,49.5372,1628.75,491098.6577,6657.8347,401978.5337,5.7979,100.8735,97.4537,78.6037,75.8056,23.1038,24.5148,,,,,0.4176,,,,,,,95.0948,82.902,91.5133,,,,15.9,1.4776158079165989
131,Iraq,102.3443,38.7745,5.0868,86.4634,435.05199999999996,138516.7226,4657.2804,120516.3496,6.4026,,,,,20.1287,11.9854,0.7,0.2,,0.2,0.0378,1.102,96.4207,,0.0868,,0.2998,62.6358,38.4864,55.1744,35.0609,39.2091,36.3426,2.5,0.718733953921399
132,Ireland,98.1496,21.6033,18.5875,68.9981,69.797,222148.7613,48777.581,210478.8342,1.81,103.2622,102.8829,105.2217,114.5627,52.5497,65.3106,4.1,1.0,12.8,0.6,1.1827,48.6904,26.1237,0.9696,23.617,,0.5993,,,95.8928,74.1682,68.8255,72.1135,69.85,1.489495907448221
134,Israel,98.6706,27.9446,16.1195,380.9542,22.072,233995.6779,31851.5481,252233.0104,5.5761,104.4908,105.0498,106.2687,105.6416,50.6706,67.1524,3.5,0.8,5.2,0.9,4.2559,33.1583,12.844,0.674,52.527,,0.7967,99.7573,99.7334,99.7553,87.9355,86.0858,87.7843,67.5,1.112759351222706
135,Italy,94.5175,13.4751,28.6317,206.2749,302.073,2134017.843,35971.5062,1899561.667,1.7133,102.9687,101.5758,99.6247,98.9317,54.6233,74.7521,3.8,,5.5,0.6,1.3412,49.9932,37.9794,0.9916,8.3017,,2.7341,,,91.8114,96.2288,96.0582,96.1748,53.68,2.9328035398628183
136,Jamaica,98.6962,24.0142,12.4007,269.6997,10.9905,13220.5458,4704.0505,13748.2783,-1.457,,,87.0607,92.3972,,,,,,,,,,,,,,,,,,,,27.67,0.6080229042402159
137,Jordan,102.4768,34.8862,5.667000000000001,110.2258,89.318,26519.613,3652.0651,33280.9865,2.6608,96.4126,97.4169,83.2051,85.6754,35.846,38.9596,2.2,1.3,3.5,0.8,,,,,,,,,,93.893,83.341,,79.0034,27.2,2.224455212566125
138,Kazakhstan,94.0358,27.9149,11.2877,6.697,2724.902,148047.3482,9109.3285,144701.5509,7.2529,102.5733,102.5085,,,,,3.9,0.7,7.7,0.4,0.1695,36.5882,58.7553,,1.8103,2.8462,,,,75.4465,91.6369,,,31.6,0.34895521352480247
139,Kenya,98.7303,40.35,3.8101,88.2404,591.9580000000001,39999.6776,951.6782,48917.8599,8.3999,101.5366,97.1406,48.332,45.6517,3.6891,2.181,0.2,0.1,0.7,0.0,,,,,,,,55.947,,,,,,7.2,0.12788097321326675
141,Kuwait,149.2402,21.4225,4.9946,227.615,17.817999999999998,115416.0475,38576.3778,95860.9762,-2.3706,103.0336,106.9174,104.7961,114.7278,,,2.4,,6.5,0.5,0.0966,,,,,,,,,100.0,,,100.0,61.4,0.8066949095210842
142,Kyrgyzstan,97.9429,32.1807,7.3726,32.2718,199.949,4794.3618,884.1945,5263.4868,-0.4716,99.6289,98.048,86.4343,86.7348,37.766,47.485,2.3,0.0,5.6,0.2,0.119,8.6699,89.2477,0.2497,1.0046,0.8282,,87.5281,40.6849,57.2233,,,,16.3,0.5622935282063385
144,Latvia,84.9528,15.5763,26.4714,31.3681,64.57300000000001,23803.9036,11234.2922,22728.7488,-4.4734,106.0629,103.5472,102.9515,102.4117,54.4265,97.2924,3.1,0.7,5.2,0.7,0.6262,20.0394,32.7201,2.2339,45.0066,,,,,93.7628,86.9058,70.9073,81.7608,68.42,2.0208982814531664
145,Lebanon,101.1578,26.588,10.1309,666.6054,10.452,38419.6352,7756.7458,45918.3104,8.0373,,,,,,,2.3,1.1,1.8,1.2,,,,,,,,,,46.3454,,,19.605,43.68,1.6911646727626388
146,Lesotho,97.0596,32.9814,7.3551,68.8911,30.355,2385.9436,1195.6135,2037.4589,6.072,127.8351,126.2727,34.0192,43.0188,2.9523,3.7437,0.1,,0.7,,0.048,0.7813,91.0571,,7.823,,0.3386,,,,,,,3.86,0.30648549681156845
147,Liberia,100.8466,41.4787,5.0845,48.8188,111.369,1292.0,332.0179,1565.5025,7.3,,,,,,,0.0,0.0,0.5,0.0,,,,,,,,,,,,,,2.3,0.04665555613422912
148,Libya,102.1651,28.5394,6.5022,3.74,1676.1979999999999,80942.4196,13060.1518,155910.3644,4.3247,102.698,101.4564,84.5203,100.7372,,,,,,,,,,,,,,,,,,,27.3172,14.0,0.8616445471585905
149,Liechtenstein,,,,237.0125,0.16,5621.0572,156166.506,5980.3828,7.4033,111.5423,102.468,115.2497,100.1397,35.3774,14.0221,,,,,,,,,,,,,,100.0,,,99.65,80.0,2.28328173374613
150,Lithuania,85.7032,14.7275,25.7359,45.4002,65.286,37034.4617,11855.5196,34377.3575,1.4822,103.2481,102.421,104.8151,104.1658,62.5167,97.5386,3.4,,7.6,0.8,1.041,28.5311,35.345,1.4648,34.3496,,0.3095,,,81.9458,93.4658,75.8044,87.5946,62.12,2.3467351863197807
151,Luxembourg,101.5253,16.0651,19.3638,228.5367,2.5860000000000003,53212.4768,104771.8632,50116.9089,4.865,100.7357,100.8861,92.8973,97.9194,,,2.8,0.7,11.4,0.8,1.2841,47.0784,47.6672,1.6458,3.3822,,0.2114,100.0,100.0,100.0,93.3535,85.7907,92.4874,90.62,1.9025963479431076
152,Madagascar,99.4788,40.9723,4.7921,43.9511,587.295,9982.7113,471.9592,9925.2066,0.6192,141.975,135.8254,21.931,21.0019,2.8295,2.5218,0.2,0.0,0.2,0.0,,,,,,,,,,,,,,1.7,0.06672218223871401
153,Malawi,97.198,44.2969,4.0517,187.4225,118.484,6959.6576,478.6687,5294.3972,6.8741,129.9401,131.0242,31.3494,24.8061,0.6473,0.3451,,,,,,,,,,,,,,,,,,2.26,0.13410024357830497
154,Malaysia,105.9319,24.3438,9.9357,94.6725,330.32300000000004,255017.6452,9040.603,232653.6573,7.4248,99.9744,100.0107,76.7978,84.7114,24.0959,31.8906,1.2,0.3,3.2,0.1,1.2998,49.5963,35.7657,6.9777,1.6809,5.9794,,,,93.251,,,81.5166,56.3,0.32598487361897466
155,Maldives,162.0552,20.395,5.814,1654.6733,0.3,2588.1761,7076.6624,3116.6855,7.2651,117.9645,116.0529,,,,,1.4,0.7,5.1,0.1,,,,,,,,,,,,,,26.53,0.6448279248924931
156,Mali,100.1554,47.7228,3.9569,15.1718,1240.192,10678.749,709.5819,8803.2899,10.8691,82.7029,64.9591,31.8576,19.637,,,0.1,0.0,0.4,0.0,0.3146,0.8902,43.6007,,32.6839,22.3963,0.334,,,,8.3252,16.903,13.8151,2.0,0.044150762583503436
157,Malta,100.4554,14.2298,26.5118,1368.5406,0.3154,8740.5392,21099.5194,8191.7839,3.5427,101.4559,98.9543,103.8374,99.9162,27.6774,37.2036,2.2,0.7,6.9,0.4,0.7409,45.6309,32.8139,1.1022,20.3956,,0.0588,,,100.0,93.0014,93.025,93.0028,63.0,1.4234007076334947
160,Mauritania,100.6211,40.2626,4.9348,4.155,1030.7,5449.7047,1559.6453,4717.3794,6.8937,92.2085,95.2029,23.7709,20.8146,4.3721,1.4632,0.2,,0.8,,,,,,,,,,,,,,,4.0,0.18676405754647793
161,Mauritius,97.881,18.3574,16.5859,622.9059,1.969,10003.6707,8016.0508,9775.4223,4.3771,103.3393,103.1085,89.6709,87.6169,21.0264,21.6871,1.2,0.3,2.9,0.2,,,,,,,,,,,,,,28.33,0.0213442863165586
162,Mexico,95.7205,26.9392,10.4244,64.1875,1964.375,1057800.598,9271.3921,1012354.91,5.1181,109.5726,107.5982,80.5659,84.0333,24.5215,23.9217,2.2,0.0,2.4,0.1,0.4299,17.3805,79.7006,1.7423,0.6282,,0.5484,,,41.3345,35.2823,,34.1356,31.05,2.8047426834811557
164,Monaco,,,,25969.7987,0.002,5362.3495,150577.0399,4541.5068,-1.3951,,,,,,,,,,,,,,,,,,100.0,,100.0,100.0,,100.0,75.0,1.226309921962096
165,Mongolia,97.4842,29.9498,6.54,2.0043,1564.116,7189.4832,2643.2934,7232.255,6.3654,97.9856,97.972,85.6185,95.0209,33.8242,55.9093,2.8,0.4,3.6,0.2,0.1547,7.3461,80.0568,9.6825,,2.9147,,,,24.332,,,,10.2,1.4140872769795008
166,Montenegro,97.7779,18.2503,21.0685,46.659,13.812000000000001,4138.9589,6630.025,3704.0384,2.7343,111.7792,113.6946,93.0177,96.0597,17.2209,27.247,2.0,,5.3,0.0,0.374,29.8553,57.7831,,5.9096,,0.0229,94.6035,,89.1203,30.6052,,,37.5,3.7985735695552116
168,Morocco,98.3495,27.4526,10.6308,79.725,446.55,93217.222,2882.1105,81273.858,3.9682,110.9454,100.662,54.2799,46.293,13.0786,10.512,,,,,,,,,,,,87.8725,32.0691,64.4452,39.4488,,36.8898,52.0,0.3863428275239224
169,Mozambique,94.1291,44.9595,4.4485,36.4315,799.38,11121.1663,472.6061,11324.0296,6.6876,109.5158,91.3164,15.9828,10.9309,1.9611,0.9398,0.0,0.0,0.4,0.0,0.3375,0.4717,43.4901,,39.8826,2.8353,,,,,,9.8455,,4.17,0.0926185277104068
171,Namibia,93.9169,36.8825,5.5593,2.9183,824.1160000000001,11282.1588,5324.6011,8855.4474,6.0394,114.5788,112.0468,60.2781,66.6729,7.3431,6.2392,,,,,,,,,,,,,,,,,,11.6,1.8659732730688832
173,Nepal,83.2683,31.3365,8.4515,192.7637,147.181,16280.8025,602.6978,16833.1106,4.8164,119.5655,109.151,53.1282,43.1484,10.1842,5.4908,,,,,,,,,,,,34.4578,24.2072,25.926,,,,7.93,0.6657814880488402
174,Netherlands,99.0218,16.3531,25.0462,504.7849,41.542,846554.8949,50743.8175,737269.1611,1.3427,107.9386,105.4801,119.5314,117.1628,56.3907,61.0837,3.0,0.2,0.2,0.5,1.9849,48.6485,33.1273,0.1599,15.5092,,2.5551,,,99.9709,97.4667,97.438,97.463,90.72,1.509099466564266
176,New Zealand,96.7268,19.7162,20.8563,17.8574,268.107,146583.8315,33542.735,152914.1026,0.9622,100.1202,99.2947,117.0688,123.5743,,,3.1,0.6,10.6,0.6,1.2341,43.75,37.0855,,7.7487,,3.0931,,,88.6655,,,84.4876,80.46,0.008362777278334135
177,Nicaragua,97.1943,30.5484,7.8709,53.0567,130.373,8758.6024,1503.8641,9778.7879,4.4101,120.3226,118.5865,63.141,73.4748,,,0.7,,1.3,0.0,0.1074,,,,,,,66.9584,29.8235,50.9596,,,,10.0,0.04837333048054718
178,Niger,100.8134,50.0929,4.1346,17.0541,1267.0,7620.3161,462.8465,7149.3078,8.3692,56.2087,40.2012,11.8619,7.4483,1.6062,0.573,,,,,,,,,,,,,,,20.3122,4.9656,7.4549,0.83,0.013643210494976379
179,Nigeria,102.656,44.0131,4.4853,209.5735,923.768,363359.8258,2292.4448,387073.7703,8.0057,109.8247,92.6058,38.1349,31.6809,12.2584,8.6706,,0.1,1.4,0.1,,,,,,,,24.1431,13.9841,18.4012,27.4244,24.5787,25.816,11.5,0.018896202991944
181,North Macedonia,100.1513,16.6612,19.4396,82.5534,25.713,9407.1601,4542.8956,8918.6348,3.3588,94.5246,92.5407,82.7846,80.2048,24.633,34.0557,2.7,,4.2,0.8,0.4441,16.7781,52.8561,24.9799,5.2409,,0.145,92.9016,89.1273,91.282,8.608,,14.4591,51.9,3.8728666412569357
183,Norway,101.7694,17.6701,22.366999999999997,14.4998,386.194,428757.0385,87754.348,354111.7288,0.7018,98.3692,98.6618,113.234,114.313,62.4474,95.1427,2.5,0.6,16.7,0.9,1.931,44.2349,44.9247,0.4315,9.2047,,1.2041,,,99.4157,,,74.8976,93.39,0.21447195307698544
184,Oman,192.9816,22.0405,3.9624,15.0757,309.5,56913.0658,18712.5763,49882.709,1.714,93.1942,92.0573,89.2355,86.0047,17.9072,19.0937,1.9,0.4,4.2,0.2,0.2497,21.365,55.6629,,,,0.214,,,82.5493,,,,35.8278,1.1154183616495172
185,Pakistan,106.0265,35.4786,6.4761,269.6998,796.095,174507.9237,972.5973,219391.7765,1.6067,91.5046,70.3433,,,5.2563,4.5715,0.8,,0.6,0.1,0.2461,,66.9826,25.5184,2.6571,4.5596,0.2823,45.3863,32.2026,36.8165,,,,8.0,0.16700330192051036
187,Panama,100.4577,27.3395,11.35,55.2431,75.32,29440.2876,8082.025,37273.3253,5.828,109.0599,105.2911,65.7328,70.3445,32.0702,52.5224,1.4,,2.5,0.3,0.1203,0.8604,26.3942,0.7682,57.167,0.0154,14.7949,,,,,,,40.1,2.2841903544944073
188,Papua New Guinea,104.1862,36.1384,5.7077,18.6328,462.84,14250.7569,1949.3527,17431.8392,10.1288,60.0749,50.8579,,,,,0.1,,0.5,,,,,,,,,,,,,,,1.28,0.11512146173328246
189,Paraguay,103.5181,29.7044,9.2726,17.2843,406.75199999999995,27239.0539,4359.6297,29761.9294,11.1437,112.123,109.6807,64.9474,67.2419,23.9695,27.4127,,,,,0.0969,0.2796,73.0922,2.0532,10.3329,10.0894,4.1526,70.3328,41.0326,58.3962,51.8663,54.0813,52.7687,19.8,3.672924752900905
190,Peru,98.6243,26.3625,11.3443,24.5659,1285.2160000000001,147527.6315,5082.3098,150257.331,8.3325,113.5753,113.8843,82.7637,81.6064,32.1839,33.3612,,,,,0.1171,,,,,,,57.882,17.9903,48.4796,34.8505,,28.7748,34.77,8.693556975683887
191,Philippines,101.12,31.468000000000004,7.8036,352.7281,300.0,199590.9337,2124.0585,219634.616,7.6323,106.5102,105.4157,78.3383,87.672,24.7309,30.4149,1.3,,,,0.1642,37.9639,49.4356,9.9344,1.7993,0.4328,0.4341,60.7718,32.2832,45.1976,50.6708,42.9343,46.4414,25.0,0.3723012752153513
192,Poland,94.0866,14.8793,24.1535,123.9368,312.67900000000003,479321.4606,12505.197,411450.0734,3.6069,94.786,94.2603,99.8784,99.2728,52.9176,74.7364,2.2,0.7,5.8,0.3,1.0033,39.0046,41.824,2.2004,16.7424,,0.2281,,,95.3497,,,87.689,62.32,2.962602259205671
193,Portugal,89.7158,13.6671,27.9109,112.3324,92.226,237880.9083,22449.944,207893.0712,1.7376,120.888,115.1419,93.3793,102.6958,48.182,62.9789,4.0,0.7,5.9,0.8,1.2426,42.6528,44.2982,4.3925,7.3737,,1.2827,,,94.7899,74.0572,,67.8366,53.3,2.437675514843879
195,Qatar,310.9719,13.5107,2.7089,234.688,11.607000000000001,125122.3694,67403.1943,121471.5587,16.7318,108.5858,103.7356,103.8953,96.0549,8.9466,31.152,3.7,,5.7,,0.5188,7.0574,42.6113,,1.8527,0.038,27.8448,,,96.6,,,88.45,69.0,0.3204603501203198
196,Republic of Korea,100.3756,13.2255,20.0821,525.5211,100.2839,1144066.977,23091.1755,1261201.91,6.8048,101.4598,100.7191,96.0695,98.213,110.7839,70.9446,2.0,0.6,4.6,0.4,4.217,74.5459,23.6632,0.6439,0.7518,,0.3953,,,97.7168,,,95.6794,83.7,0.05816063676059659
197,Republic of Moldova,92.3076,15.8161,17.5229,123.5825,33.846,6974.9824,1707.0103,6452.4695,7.0941,98.5532,97.1975,86.2379,89.9588,29.4639,42.9046,2.4,0.4,5.6,0.4,0.3094,,,,11.6408,88.3592,,,,62.1708,75.1899,,,32.3,2.263522578175286
199,Romania,94.8378,15.4495,24.9005,85.3889,238.3907,166225.1802,8119.6895,153652.8411,-3.9012,110.4604,108.9807,81.718,83.2717,41.086,51.9411,2.5,0.7,5.7,0.6,0.4879,37.2915,41.6919,1.6975,19.2272,,0.092,,,81.8855,,,63.3156,39.93,2.6010600474555625
200,Russian Federation,86.3357,17.634,21.0083,8.8863,17098.246,1539845.082,10732.1778,1262283.886,4.5037,95.1367,95.3207,83.338,82.4652,61.3109,84.1996,2.4,0.1,7.7,0.3,1.1008,26.4747,69.518,1.189,2.6471,,0.1713,,,75.3466,62.2311,48.361,58.5814,43.0,1.5312505044962819
201,Rwanda,96.5736,40.1361,4.7317,485.649,26.338,5772.2888,574.9671,5751.6719,7.319,132.6345,134.5709,17.7127,15.7444,,,,,,,,,,,,,,35.2403,,,,,,8.0,0.12668431592166446
204,Saint Lucia,97.0372,18.9087,13.5919,296.6459,0.539,1400.3609,8044.1214,1606.0597,0.4031,105.2458,100.5619,71.5668,84.15,6.9988,19.0258,1.6,,,0.2,,,,,,,,,,,,,,32.5,1.3220277169948942
206,Saint Vincent & Grenadines,103.43799999999999,22.9424,13.6961,281.6077,0.389,681.2259,6292.7895,716.4273,-3.346,123.968,112.1378,79.5677,99.4108,,,0.7,,2.6,,,,,,,,,,,,,,,33.7,0.40184850311432596
208,San Marino,,,,556.6667,0.061,2139.3428,68505.0057,1881.1739,-4.6484,,,,,,,,,,,,,,,,,,,,100.0,,,77.2261,,3.636804461146805
209,Sao Tome and Principe,100.1295,42.855,4.6593,215.7177,0.9640000000000001,197.454,1094.7105,249.664,4.5974,128.1224,123.1012,41.5685,44.0904,,,,,,,,,,,,,,,,,,,,18.75,0.26877033937703393
210,Saudi Arabia,134.327,25.2591,5.4265,15.3981,2206.714,528207.3326,19262.5525,509171.9601,5.0395,96.4272,94.959,90.0693,84.7573,23.9492,35.553,2.4,0.5,4.7,,,,,,,,,,,,,,73.1157,41.0,0.35530465517188015
211,Senegal,94.8715,43.2363,4.7755,80.0881,196.71200000000002,16724.6139,1319.1685,14596.2014,4.1794,81.3642,78.4784,25.6415,19.145,,,,,,,0.5772,2.086,85.4425,0.0989,7.8885,,4.4841,,,,16.879,17.8467,17.4231,8.0,0.12445050674352852
212,Serbia,96.0989,15.8259,24.8725,100.9562,88.499,39460.3382,5411.8747,36491.187,0.5844,102.4855,103.0238,87.291,89.954,38.569,50.0615,2.5,,0.9,0.3,0.8115,12.7806,50.629,,12.5519,,0.0137,81.4143,66.4458,74.6774,20.2157,,25.0945,40.9,1.1870962105459586
213,Seychelles,105.6566,23.479,11.5819,209.6043,0.457,969.9645,10628.1178,1084.4192,5.9454,110.1483,108.0622,79.0458,84.774,,,1.1,0.0,4.5,0.2,,,,,,,,,,,,,,41.0,2.8689413152759786
214,Sierra Leone,99.4519,41.3566,4.6463,103.7465,72.3,2578.0263,401.835,3456.7701,5.347,,,,,,,0.0,0.0,0.3,0.0,,,,,,,,11.4775,4.8082,7.3996,18.6123,6.7076,11.3333,0.58,0.02362184661618374
215,Singapore,109.8113,12.2125,17.7681,8154.3443,0.7190000000000001,236420.3372,46075.3094,246178.5167,15.2404,,,,,,,1.7,0.4,5.7,0.3,2.182,52.7702,38.1818,2.2309,6.8171,,,100.0,,100.0,100.0,,100.0,71.0,0.00969109108764192
217,Slovakia,94.6981,15.3377,21.8289,113.2902,49.035,90183.9868,16687.4687,77832.949,5.7208,98.7658,97.6417,92.8467,93.7281,35.3507,45.5645,3.4,,6.4,,1.1717,25.0573,31.9359,3.2577,39.432,,0.3171,,,97.9331,89.0446,76.1726,83.2116,75.71,3.531183861035428
218,Slovenia,98.9355,14.9022,26.2317,103.098,20.273,48161.2509,23569.9011,42209.6219,1.3437,101.0418,100.0044,97.4226,96.9416,65.5811,93.4579,2.4,0.5,8.3,0.6,2.195,69.2089,19.8864,0.3391,10.5579,,0.0077,,,90.1013,,,79.4371,70.0,3.085122181296421
220,Somalia,99.4879,46.753,4.5308,23.2556,637.6569999999999,1092.7844,90.7336,1264.7533,2.6,,,,,,,,,,,,,,,,,,,,,,,,,0.08027524232382127
221,South Africa,97.3454,29.1503,8.1469,46.9955,1221.037,375348.2704,7328.5927,284658.3589,3.0397,107.753,104.1142,84.3189,90.5264,,,0.7,,1.0,0.1,0.7985,38.8986,44.6119,0.1439,13.0188,,3.3269,87.2501,,,,,,24.0,1.8054492067081718
222,South Sudan,100.1506,42.0568,5.1207,17.8586,658.841,14986.3774,1576.1258,16089.9049,-0.882,,,,,,,,,,,,,,,,,,,,,,,,,0.018555532665112128
223,Spain,96.3985,14.7033,24.7956,93.5193,505.944,1420722.034,30272.5614,1196670.854,0.163,103.7268,102.3494,113.7243,121.1793,60.4647,74.2248,3.0,0.9,5.1,0.6,1.2183,45.8473,40.9277,4.3122,8.0398,,0.8731,,,98.6477,95.7576,95.316,95.6624,65.8,2.443935622085675
224,Sri Lanka,92.6015,24.4071,14.9572,336.9165,65.61,56725.7549,2799.6492,59780.0381,8.016,99.8338,99.2878,,,,,0.7,,1.7,0.1,0.1087,34.4414,59.6396,,1.4819,2.1119,2.3253,88.1445,,,,,,12.0,0.487254996322372
226,Suriname,101.176,27.4331,10.0325,3.657,163.82,4368.3774,8255.7578,4418.829,5.1637,105.8415,104.182,58.8107,78.7385,,,,,,,,,,,,,,,,,,,,31.59,1.8038673424602754
227,Sweden,100.1327,17.4952,25.4847,24.1383,438.574,495328.6201,52749.708,453486.4469,6.189,95.9453,95.6575,104.2874,103.8197,64.7616,99.9379,3.9,0.8,11.8,0.8,3.2642,57.2594,,0.9435,,,3.3402,,,99.94,93.9157,87.6619,92.9811,90.0,2.0846364132516824
228,Switzerland,98.22,14.8725,24.0979,213.9843,41.291000000000004,583782.9779,74760.8241,625941.016,3.0027,102.4582,102.1477,98.3063,92.4631,49.0533,42.5048,3.8,0.6,15.0,0.5,3.3716,63.4758,24.3686,1.4763,10.2115,,0.4678,,,94.4987,99.335,98.5398,99.1252,83.9,1.8118735726709152
229,Syrian Arab Republic,101.0466,31.8295,6.775,93.0985,185.18,60465.1121,2830.4286,41986.4604,3.4395,122.128,118.6331,71.2348,68.1697,19.1085,17.1315,1.5,0.8,1.9,0.8,,,,,,,,,,,,,,20.7,0.2186567739614226
230,Tajikistan,101.7348,36.4524,5.1588,63.4486,142.6,5642.1759,749.5523,5871.8375,6.5372,101.8541,98.3281,87.3998,73.0452,27.7885,13.1766,1.7,,4.0,0.2,0.1089,,100.0,,,,,,,46.0297,,,,11.55,0.01915796894876393
231,Thailand,95.1882,17.3538,17.0012,135.4691,513.12,341104.6716,5076.338,346968.126,7.5134,103.3285,100.452,71.9106,75.3994,41.9919,47.2198,0.4,0.1,2.1,0.2,0.6161,66.2391,20.5334,5.5189,1.5472,6.0292,0.1323,,,,,,,22.4,0.38590759173418415
232,Timor-Leste,102.2051,38.3023,6.3523,83.6085,14.919,3998.9613,3656.9522,3324.6558,-1.1721,110.0729,100.1777,55.7141,54.2207,,,,0.0,1.1,0.0,,,,,,,,,,,,,,3.0,0.16571472762022602
233,Togo,98.8749,41.6376,4.5862,141.5421,56.785,3426.0221,533.5088,3100.8368,6.0993,123.9594,105.3032,60.3446,31.9986,,,0.3,,1.5,0.0,,,,,,,,,,,,,,3.0,0.03375942082266936
236,Trinidad and Tobago,97.7288,20.5385,15.3902,269.7971,5.127000000000001,22182.4021,16701.7673,24059.4039,3.3227,100.7071,97.7656,,,,,1.8,0.5,2.9,0.3,0.086,,,,,,,,,,,,,48.5,1.0382217403090268
237,Tunisia,98.2189,24.1116,12.3694,73.5932,163.61,44051.1388,4141.9961,39953.9927,2.9594,112.3627,110.7737,80.5342,88.9446,28.4162,35.151,1.2,0.3,2.2,0.3,0.6297,18.9493,77.1107,,3.94,,,,,86.2931,82.2471,,70.1823,36.8,2.247179199131793
238,Turkey,97.1802,25.0028,12.1021,105.3967,783.562,771876.7912,10672.0439,610066.7102,8.4874,105.7677,100.4938,91.5791,76.0982,,,1.7,0.4,2.3,0.3,0.8815,44.5717,38.4669,15.0031,1.9216,,0.0367,,,,66.5615,,60.5688,39.82,0.8900524836398069
242,Uganda,96.7959,47.3199,3.1297,206.0287,241.55,19683.1405,606.9767,19844.9875,8.1705,123.8607,122.0,,,,,,,,,,,,,,,,19.8997,2.8886,6.1859,,,,12.5,0.1377326296386828
243,Ukraine,86.22,15.629000000000001,22.8226,76.793,603.5,136012.4803,2970.2178,102154.03,0.2721,106.6403,106.2346,99.1725,91.8332,63.0491,77.9343,3.5,0.0,7.5,0.7,0.6148,40.276,39.3549,0.1685,18.1777,2.0188,,,,84.5971,45.8817,,50.925,23.3,1.8991939953170676
244,United Arab Emirates,228.0813,14.5044,2.2087,113.4833,83.6,289787.4527,33893.3169,278379.8794,1.6354,,,,,,,1.4,0.2,2.7,0.4,0.895,,,,,,,,,,,,93.3677,68.0,0.293643889161007
245,United Kingdom,97.3988,17.635,23.6954,275.8131,242.495,2475244.321,39004.9135,2649482.91,1.9495,106.4373,106.3324,103.8922,107.0397,49.5031,68.8105,2.6,0.6,8.8,0.5,1.6682,48.9591,27.6677,1.3701,17.0932,,4.9102,,,99.9796,98.962,91.7989,97.6226,85.0,2.727843790403314
249,Uruguay,93.2801,20.776999999999997,19.5796,19.6357,173.62599999999998,40284.5567,11992.039,45125.3712,7.8033,115.6111,112.7022,94.2077,108.542,33.1919,57.8633,,,,,0.3645,4.5676,28.6335,59.1554,7.3756,,0.268,94.214,,,,,,46.4,2.5721791472723092
250,Uzbekistan,99.3886,28.5183,7.3942,75.1288,448.969,46909.0506,1645.0133,57079.8847,8.5,97.106,96.9825,90.1987,87.5345,11.8981,8.2389,2.5,0.0,11.4,0.2,0.1737,38.9327,56.9601,,1.1907,2.9165,,85.4019,30.2295,58.3431,,,,15.9,0.04535717908159264
251,Vanuatu,102.9335,38.8624,5.7161,23.4217,12.189,700.804,2966.8561,705.8652,1.6291,119.1628,116.1347,,,,,,,,,,,,,,,,,,41.8227,,,,8.0,0.02564957549952548
252,Venezuela (Boliv. Rep. of),98.0039,27.9706,10.5364,33.3343,912.05,393805.6726,13846.9235,342686.5055,-1.4888,105.1434,103.167,70.1218,79.2576,,,,,,,,,89.1321,,,,,,,,,,26.1848,37.37,0.21837888739746655
256,Yemen,101.5918,40.0014,4.487,52.7205,527.9680000000001,30906.7518,1334.7849,47712.5904,3.3175,102.2247,75.5261,62.0823,30.2893,14.4556,5.22,,0.0,0.7,0.0,,,,,,,,,,,67.3811,,,12.35,0.07950105915753106
257,Zambia,98.025,45.4114,3.3133,22.6713,752.612,20265.4005,1489.4476,16222.0644,10.2982,115.3739,108.8322,,,,,0.1,0.0,0.7,0.0,,,,,,,,47.0679,,,,,,10.0,0.3221794658391523
258,Zimbabwe,90.8508,42.5979,4.4723,36.8013,390.75699999999995,12041.6552,948.3319,14100.1541,19.6753,,,,,,,0.1,0.0,0.8,0.0,,,,,,,,,,,19.799,,,6.4,0.34281713094920124
259,United States,,,,,,,,,,,,,,,,,,,,,,,,,,,,,,,,,,2.681569985149468
260,Japan,,,,,,,,,,,,,,,,,,,,,,,,,,,,,,,,,,0.18173317637373773
261,Sudan,,,,,,,,,,,,,,,,,,,,,,,,,,,,,,,,,,0.10627289957259127
